"type","post_published","likes_count_fb","comments_count_fb","shares_count_fb","date"
"link","2017-04-30",144,324,130,2017-04-30
"link","2017-04-29",76,124,16,2017-04-29
"video","2017-04-29",1239,489,411,2017-04-29
"link","2017-04-29",2310,697,391,2017-04-29
"video","2017-04-29",602,363,161,2017-04-29
"link","2017-04-28",128,287,18,2017-04-28
"link","2017-04-28",219,100,48,2017-04-28
"link","2017-04-28",1090,180,267,2017-04-28
"photo","2017-04-28",387,114,63,2017-04-28
"video","2017-04-28",1022,294,439,2017-04-28
"link","2017-04-27",118,178,22,2017-04-27
"photo","2017-04-27",452,261,60,2017-04-27
"video","2017-04-27",819,169,396,2017-04-27
"video","2017-04-27",374,228,231,2017-04-27
"video","2017-04-27",1731,961,686,2017-04-27
"photo","2017-04-27",384,227,136,2017-04-27
"link","2017-04-26",156,148,30,2017-04-26
"photo","2017-04-26",380,202,168,2017-04-26
"photo","2017-04-26",602,287,239,2017-04-26
"photo","2017-04-26",592,198,88,2017-04-26
"video","2017-04-26",1241,473,937,2017-04-26
"photo","2017-04-26",357,162,29,2017-04-26
"photo","2017-04-25",1529,425,537,2017-04-25
"video","2017-04-25",1189,497,644,2017-04-25
"link","2017-04-25",383,247,89,2017-04-25
"video","2017-04-25",569,523,478,2017-04-25
"link","2017-04-24",256,312,51,2017-04-24
"video","2017-04-24",895,167,254,2017-04-24
"photo","2017-04-24",658,205,263,2017-04-24
"link","2017-04-24",1427,610,0,2017-04-24
"link","2017-04-23",97,127,18,2017-04-23
"link","2017-04-22",338,342,76,2017-04-22
"link","2017-04-22",656,350,264,2017-04-22
"link","2017-04-22",90,77,4,2017-04-22
"link","2017-04-21",68,126,14,2017-04-21
"video","2017-04-21",777,505,433,2017-04-21
"link","2017-04-21",947,423,381,2017-04-21
"video","2017-04-20",1784,738,288,2017-04-20
"photo","2017-04-20",259,99,17,2017-04-20
"link","2017-04-20",1382,582,0,2017-04-20
"link","2017-04-19",285,180,89,2017-04-19
"photo","2017-04-19",432,250,70,2017-04-19
"link","2017-04-19",93,46,9,2017-04-19
"link","2017-04-19",634,193,258,2017-04-19
"video","2017-04-19",2056,708,748,2017-04-19
"photo","2017-04-19",1611,331,0,2017-04-19
"video","2017-04-19",2901,879,782,2017-04-19
"video","2017-04-19",2010,1238,451,2017-04-19
"video","2017-04-18",2299,896,0,2017-04-18
"link","2017-04-18",505,1600,97,2017-04-18
"link","2017-04-18",747,340,207,2017-04-18
"photo","2017-04-18",547,159,133,2017-04-18
"link","2017-04-18",665,199,73,2017-04-18
"link","2017-04-18",23,11,7,2017-04-18
"link","2017-04-17",15,26,9,2017-04-17
"link","2017-04-17",161,116,114,2017-04-17
"link","2017-04-17",324,278,180,2017-04-17
"link","2017-04-17",24,12,20,2017-04-17
"video","2017-04-17",392,117,150,2017-04-17
"video","2017-04-17",587,503,250,2017-04-17
"link","2017-04-17",614,421,0,2017-04-17
"link","2017-04-17",645,266,58,2017-04-17
"link","2017-04-16",25,45,14,2017-04-16
"link","2017-04-16",664,568,477,2017-04-16
"link","2017-04-15",17,40,23,2017-04-15
"link","2017-04-15",554,293,153,2017-04-15
"link","2017-04-15",544,174,131,2017-04-15
"link","2017-04-14",33,20,22,2017-04-14
"link","2017-04-14",385,64,63,2017-04-14
"link","2017-04-14",112,29,14,2017-04-14
"photo","2017-04-14",88,258,162,2017-04-14
"link","2017-04-14",99,22,30,2017-04-14
"link","2017-04-14",246,204,115,2017-04-14
"link","2017-04-13",28,7,17,2017-04-13
"video","2017-04-13",1003,423,487,2017-04-13
"link","2017-04-13",1033,158,157,2017-04-13
"link","2017-04-13",225,159,248,2017-04-13
"photo","2017-04-13",278,90,62,2017-04-13
"link","2017-04-13",985,382,267,2017-04-13
"link","2017-04-12",45,33,50,2017-04-12
"link","2017-04-12",152,137,49,2017-04-12
"link","2017-04-12",121,45,12,2017-04-12
"photo","2017-04-12",54,1,5,2017-04-12
"photo","2017-04-12",397,168,119,2017-04-12
"link","2017-04-12",800,277,0,2017-04-12
"link","2017-04-11",488,301,117,2017-04-11
"link","2017-04-11",308,145,33,2017-04-11
"link","2017-04-11",182,72,33,2017-04-11
"video","2017-04-11",969,1038,1049,2017-04-11
"photo","2017-04-11",208,99,93,2017-04-11
"video","2017-04-10",674,334,153,2017-04-10
"link","2017-04-10",34,49,14,2017-04-10
"photo","2017-04-10",928,243,179,2017-04-10
"link","2017-04-10",3402,652,457,2017-04-10
"link","2017-04-10",749,290,0,2017-04-10
"link","2017-04-10",1824,411,275,2017-04-10
"link","2017-04-09",36,46,22,2017-04-09
"link","2017-04-09",893,277,197,2017-04-09
"link","2017-04-09",119,87,13,2017-04-09
"link","2017-04-08",87,124,15,2017-04-08
"link","2017-04-08",909,359,225,2017-04-08
"link","2017-04-08",26,24,8,2017-04-08
"link","2017-04-08",14,14,13,2017-04-08
"link","2017-04-07",187,288,18,2017-04-07
"link","2017-04-07",28,65,12,2017-04-07
"video","2017-04-07",386,284,307,2017-04-07
"photo","2017-04-07",264,66,59,2017-04-07
"photo","2017-04-07",42,29,10,2017-04-07
"photo","2017-04-07",88,44,65,2017-04-07
"link","2017-04-06",32,57,27,2017-04-06
"video","2017-04-06",457,318,0,2017-04-06
"link","2017-04-06",136,85,11,2017-04-06
"link","2017-04-06",262,93,36,2017-04-06
"link","2017-04-06",45,31,12,2017-04-06
"video","2017-04-06",692,232,142,2017-04-06
"link","2017-04-06",922,249,98,2017-04-06
"photo","2017-04-06",291,60,66,2017-04-06
"photo","2017-04-06",356,497,758,2017-04-06
"link","2017-04-06",253,173,0,2017-04-06
"link","2017-04-05",136,280,24,2017-04-05
"link","2017-04-05",362,397,48,2017-04-05
"video","2017-04-05",369,225,42,2017-04-05
"link","2017-04-05",963,310,491,2017-04-05
"link","2017-04-05",174,171,55,2017-04-05
"link","2017-04-05",250,97,67,2017-04-05
"photo","2017-04-05",292,140,20,2017-04-05
"link","2017-04-05",1211,480,154,2017-04-05
"link","2017-04-05",284,100,0,2017-04-05
"link","2017-04-04",955,501,382,2017-04-04
"link","2017-04-04",149,53,10,2017-04-04
"photo","2017-04-04",220,143,45,2017-04-04
"link","2017-04-04",20,9,18,2017-04-04
"photo","2017-04-04",632,225,197,2017-04-04
"video","2017-04-04",852,253,256,2017-04-04
"link","2017-04-04",687,179,128,2017-04-04
"link","2017-04-03",193,315,27,2017-04-03
"photo","2017-04-03",1651,444,217,2017-04-03
"link","2017-04-03",48,36,49,2017-04-03
"photo","2017-04-03",433,85,134,2017-04-03
"photo","2017-04-03",528,130,272,2017-04-03
"link","2017-04-03",5401,1004,900,2017-04-03
"link","2017-04-03",584,181,0,2017-04-03
"link","2017-04-03",444,136,44,2017-04-03
"link","2017-04-02",1896,581,394,2017-04-02
"photo","2017-04-02",320,182,123,2017-04-02
"link","2017-04-01",174,219,29,2017-04-01
"link","2017-04-01",947,297,150,2017-04-01
"photo","2017-04-01",1371,598,572,2017-04-01
"video","2017-03-31",1280,269,775,2017-03-31
"video","2017-03-31",1405,367,520,2017-03-31
"link","2017-03-31",934,419,124,2017-03-31
"video","2017-03-31",1258,817,0,2017-03-31
"photo","2017-03-31",933,378,122,2017-03-31
"link","2017-03-31",691,281,53,2017-03-31
"video","2017-03-31",1539,520,0,2017-03-31
"link","2017-03-31",605,138,71,2017-03-31
"link","2017-03-31",1563,555,248,2017-03-31
"photo","2017-03-30",2486,1227,0,2017-03-30
"link","2017-03-30",471,177,85,2017-03-30
"photo","2017-03-30",1610,528,227,2017-03-30
"link","2017-03-30",1032,261,234,2017-03-30
"video","2017-03-30",277,128,0,2017-03-30
"video","2017-03-30",863,598,0,2017-03-30
"photo","2017-03-30",434,122,112,2017-03-30
"link","2017-03-29",1382,743,220,2017-03-29
"photo","2017-03-29",265,149,44,2017-03-29
"video","2017-03-29",736,300,331,2017-03-29
"video","2017-03-29",2374,845,1676,2017-03-29
"link","2017-03-29",79,172,38,2017-03-29
"link","2017-03-28",613,489,139,2017-03-28
"link","2017-03-28",2916,1800,731,2017-03-28
"link","2017-03-28",586,241,90,2017-03-28
"photo","2017-03-28",1544,345,267,2017-03-28
"video","2017-03-28",713,307,217,2017-03-28
"video","2017-03-27",1186,603,440,2017-03-27
"link","2017-03-27",58,18,55,2017-03-27
"video","2017-03-27",740,564,156,2017-03-27
"link","2017-03-27",158,117,44,2017-03-27
"photo","2017-03-27",561,164,92,2017-03-27
"link","2017-03-27",333,124,0,2017-03-27
"link","2017-03-26",72,53,48,2017-03-26
"link","2017-03-26",331,303,80,2017-03-26
"video","2017-03-25",531,471,165,2017-03-25
"link","2017-03-25",556,291,109,2017-03-25
"link","2017-03-25",1548,501,538,2017-03-25
"link","2017-03-24",730,376,0,2017-03-24
"photo","2017-03-24",657,317,134,2017-03-24
"photo","2017-03-24",1320,360,317,2017-03-24
"photo","2017-03-24",743,242,224,2017-03-24
"photo","2017-03-23",197,104,52,2017-03-23
"link","2017-03-23",404,262,0,2017-03-23
"video","2017-03-23",775,381,0,2017-03-23
"video","2017-03-23",145,186,0,2017-03-23
"video","2017-03-22",1098,371,1596,2017-03-22
"video","2017-03-22",1439,717,448,2017-03-22
"link","2017-03-22",324,286,78,2017-03-22
"video","2017-03-22",740,420,231,2017-03-22
"link","2017-03-21",131,152,63,2017-03-21
"photo","2017-03-21",1154,599,156,2017-03-21
"photo","2017-03-21",1688,490,150,2017-03-21
"link","2017-03-21",366,196,46,2017-03-21
"video","2017-03-21",742,413,208,2017-03-21
"link","2017-03-21",862,396,0,2017-03-21
"link","2017-03-20",157,108,165,2017-03-20
"photo","2017-03-20",744,165,167,2017-03-20
"video","2017-03-20",592,601,159,2017-03-20
"link","2017-03-20",872,351,0,2017-03-20
"link","2017-03-20",119,74,36,2017-03-20
"video","2017-03-19",1339,658,498,2017-03-19
"link","2017-03-19",644,517,209,2017-03-19
"link","2017-03-19",277,140,81,2017-03-19
"video","2017-03-19",611,487,0,2017-03-19
"link","2017-03-18",648,437,99,2017-03-18
"link","2017-03-18",1405,512,302,2017-03-18
"photo","2017-03-18",2147,784,580,2017-03-18
"video","2017-03-18",442,172,0,2017-03-18
"link","2017-03-18",517,159,139,2017-03-18
"video","2017-03-18",75,58,23,2017-03-18
"video","2017-03-18",263,109,38,2017-03-18
"video","2017-03-18",1786,5877,647,2017-03-18
"photo","2017-03-18",1047,174,263,2017-03-18
"video","2017-03-18",1148,3216,337,2017-03-18
"photo","2017-03-18",1688,490,150,2017-03-18
"link","2017-03-18",110,57,22,2017-03-18
"photo","2017-03-18",80,226,12,2017-03-18
"video","2017-03-18",330,200,37,2017-03-18
"video","2017-03-17",673,345,91,2017-03-17
"video","2017-03-17",2439,973,1268,2017-03-17
"photo","2017-03-17",1688,490,150,2017-03-17
"video","2017-03-17",1009,1460,233,2017-03-17
"video","2017-03-17",370,65,90,2017-03-17
"video","2017-03-17",876,1831,190,2017-03-17
"video","2017-03-17",1082,674,271,2017-03-17
"link","2017-03-17",177,140,17,2017-03-17
"photo","2017-03-17",669,360,115,2017-03-17
"video","2017-03-17",2036,5070,846,2017-03-17
"photo","2017-03-17",74,107,10,2017-03-17
"link","2017-03-17",463,159,53,2017-03-17
"video","2017-03-17",920,426,607,2017-03-17
"link","2017-03-16",410,410,57,2017-03-16
"photo","2017-03-16",2062,818,476,2017-03-16
"link","2017-03-16",1137,419,0,2017-03-16
"photo","2017-03-16",1530,362,212,2017-03-16
"video","2017-03-15",580,290,1,2017-03-15
"video","2017-03-15",1909,595,0,2017-03-15
"video","2017-03-15",5286,836,2108,2017-03-15
"link","2017-03-15",497,178,68,2017-03-15
"photo","2017-03-15",494,187,141,2017-03-15
"video","2017-03-15",1118,472,213,2017-03-15
"photo","2017-03-15",1698,453,268,2017-03-15
"photo","2017-03-14",433,143,78,2017-03-14
"link","2017-03-14",280,334,77,2017-03-14
"photo","2017-03-14",4774,2950,754,2017-03-14
"video","2017-03-14",374,201,147,2017-03-14
"video","2017-03-14",1210,210,0,2017-03-14
"link","2017-03-14",1106,287,212,2017-03-14
"link","2017-03-14",1004,317,95,2017-03-14
"link","2017-03-13",438,299,84,2017-03-13
"link","2017-03-13",626,419,105,2017-03-13
"photo","2017-03-13",1686,571,272,2017-03-13
"link","2017-03-13",5845,2623,941,2017-03-13
"link","2017-03-13",3186,482,0,2017-03-13
"photo","2017-03-13",3958,622,1083,2017-03-13
"video","2017-03-13",5417,773,0,2017-03-13
"video","2017-03-13",417,1009,266,2017-03-13
"link","2017-03-13",1193,334,0,2017-03-13
"link","2017-03-13",622,216,0,2017-03-13
"link","2017-03-12",563,451,113,2017-03-12
"video","2017-03-11",338,345,271,2017-03-11
"link","2017-03-11",903,337,265,2017-03-11
"link","2017-03-10",108,186,38,2017-03-10
"video","2017-03-10",3708,1076,0,2017-03-10
"photo","2017-03-10",342,126,89,2017-03-10
"link","2017-03-09",250,296,124,2017-03-09
"photo","2017-03-09",251,81,61,2017-03-09
"link","2017-03-09",437,301,39,2017-03-09
"photo","2017-03-09",806,207,288,2017-03-09
"video","2017-03-09",788,409,172,2017-03-09
"video","2017-03-09",121,103,0,2017-03-09
"photo","2017-03-09",2081,716,459,2017-03-09
"link","2017-03-09",2220,734,356,2017-03-09
"video","2017-03-08",143,112,16,2017-03-08
"photo","2017-03-08",291,404,203,2017-03-08
"video","2017-03-08",321,127,81,2017-03-08
"video","2017-03-08",197,137,0,2017-03-08
"video","2017-03-08",493,149,218,2017-03-08
"video","2017-03-08",341,230,72,2017-03-08
"link","2017-03-08",193,47,36,2017-03-08
"photo","2017-03-08",144,133,153,2017-03-08
"video","2017-03-07",371,195,130,2017-03-07
"photo","2017-03-07",450,138,130,2017-03-07
"photo","2017-03-07",564,194,227,2017-03-07
"link","2017-03-07",520,215,0,2017-03-07
"photo","2017-03-06",186,63,29,2017-03-06
"link","2017-03-06",337,93,83,2017-03-06
"video","2017-03-06",248,62,0,2017-03-06
"link","2017-03-06",637,431,0,2017-03-06
"video","2017-03-05",221,112,82,2017-03-05
"link","2017-03-05",422,205,152,2017-03-05
"link","2017-03-05",644,108,162,2017-03-05
"link","2017-03-05",548,267,280,2017-03-05
"link","2017-03-04",464,652,223,2017-03-04
"photo","2017-03-04",381,477,624,2017-03-04
"link","2017-03-04",283,192,91,2017-03-04
"link","2017-03-04",726,259,127,2017-03-04
"link","2017-03-03",220,157,59,2017-03-03
"photo","2017-03-03",595,146,170,2017-03-03
"photo","2017-03-03",659,361,423,2017-03-03
"photo","2017-03-03",461,442,185,2017-03-03
"link","2017-03-02",143,230,55,2017-03-02
"photo","2017-03-02",145,266,182,2017-03-02
"link","2017-03-02",222,163,32,2017-03-02
"video","2017-03-02",658,496,345,2017-03-02
"link","2017-03-01",446,162,84,2017-03-01
"video","2017-03-01",589,333,0,2017-03-01
"video","2017-03-01",338,342,273,2017-03-01
"link","2017-02-28",590,410,273,2017-02-28
"link","2017-02-28",594,432,155,2017-02-28
"link","2017-02-28",1274,754,325,2017-02-28
"photo","2017-02-27",860,304,286,2017-02-27
"link","2017-02-27",1039,304,259,2017-02-27
"link","2017-02-27",1550,1047,500,2017-02-27
"video","2017-02-26",756,286,207,2017-02-26
"link","2017-02-26",334,394,44,2017-02-26
"photo","2017-02-25",339,321,107,2017-02-25
"link","2017-02-25",343,110,126,2017-02-25
"link","2017-02-24",321,364,71,2017-02-24
"video","2017-02-24",419,135,180,2017-02-24
"link","2017-02-24",350,253,115,2017-02-24
"link","2017-02-23",238,423,44,2017-02-23
"video","2017-02-23",228,369,91,2017-02-23
"video","2017-02-23",148,191,0,2017-02-23
"photo","2017-02-23",188,173,110,2017-02-23
"link","2017-02-22",279,107,96,2017-02-22
"video","2017-02-22",1271,489,692,2017-02-22
"photo","2017-02-22",443,341,186,2017-02-22
"link","2017-02-22",354,155,75,2017-02-22
"video","2017-02-22",298,132,34,2017-02-22
"photo","2017-02-21",842,621,365,2017-02-21
"link","2017-02-21",1268,149,140,2017-02-21
"video","2017-02-21",457,494,233,2017-02-21
"photo","2017-02-21",217,117,99,2017-02-21
"photo","2017-02-21",286,214,79,2017-02-21
"video","2017-02-20",728,250,292,2017-02-20
"link","2017-02-20",328,262,86,2017-02-20
"link","2017-02-20",853,271,278,2017-02-20
"link","2017-02-20",1061,411,0,2017-02-20
"link","2017-02-19",611,163,127,2017-02-19
"photo","2017-02-19",668,570,228,2017-02-19
"link","2017-02-19",615,468,84,2017-02-19
"photo","2017-02-18",1072,361,312,2017-02-18
"photo","2017-02-18",544,195,173,2017-02-18
"video","2017-02-17",521,392,140,2017-02-17
"photo","2017-02-17",648,314,202,2017-02-17
"photo","2017-02-17",244,130,117,2017-02-17
"video","2017-02-17",1735,623,629,2017-02-17
"link","2017-02-17",828,412,149,2017-02-17
"photo","2017-02-16",913,500,317,2017-02-16
"link","2017-02-16",571,82,95,2017-02-16
"link","2017-02-16",497,159,76,2017-02-16
"photo","2017-02-15",861,528,298,2017-02-15
"link","2017-02-15",324,179,84,2017-02-15
"photo","2017-02-14",340,420,106,2017-02-14
"link","2017-02-14",2202,848,507,2017-02-14
"photo","2017-02-13",421,498,150,2017-02-13
"photo","2017-02-13",444,460,281,2017-02-13
"link","2017-02-13",340,170,69,2017-02-13
"link","2017-02-12",180,440,69,2017-02-12
"photo","2017-02-12",768,341,370,2017-02-12
"link","2017-02-10",229,422,33,2017-02-10
"photo","2017-02-10",437,422,126,2017-02-10
"photo","2017-02-10",926,388,314,2017-02-10
"link","2017-02-09",274,252,38,2017-02-09
"link","2017-02-09",442,558,153,2017-02-09
"video","2017-02-09",214,282,0,2017-02-09
"video","2017-02-08",1729,1147,2,2017-02-08
"photo","2017-02-08",771,586,322,2017-02-08
"video","2017-02-08",1357,848,1047,2017-02-08
"video","2017-02-08",243,254,70,2017-02-08
"video","2017-02-08",575,454,209,2017-02-08
"link","2017-02-08",275,70,48,2017-02-08
"photo","2017-02-08",1659,836,450,2017-02-08
"photo","2017-02-07",125,200,64,2017-02-07
"photo","2017-02-07",1723,867,741,2017-02-07
"photo","2017-02-07",926,307,395,2017-02-07
"photo","2017-02-07",732,410,116,2017-02-07
"video","2017-02-07",440,273,190,2017-02-07
"link","2017-02-06",227,148,56,2017-02-06
"video","2017-02-06",838,354,382,2017-02-06
"link","2017-02-06",175,191,42,2017-02-06
"link","2017-02-06",654,193,0,2017-02-06
"link","2017-02-05",403,248,80,2017-02-05
"link","2017-02-04",585,537,0,2017-02-04
"link","2017-02-04",585,249,159,2017-02-04
"link","2017-02-04",603,316,123,2017-02-04
"photo","2017-02-03",974,508,612,2017-02-03
"video","2017-02-03",2011,343,0,2017-02-03
"link","2017-02-03",508,169,116,2017-02-03
"video","2017-02-02",1642,579,571,2017-02-02
"link","2017-02-02",318,227,125,2017-02-02
"link","2017-02-02",175,138,30,2017-02-02
"link","2017-02-02",315,148,84,2017-02-02
"photo","2017-02-01",1025,910,1336,2017-02-01
"video","2017-02-01",2477,466,0,2017-02-01
"video","2017-02-01",646,1164,407,2017-02-01
"video","2017-02-01",635,324,118,2017-02-01
"photo","2017-02-01",228,123,57,2017-02-01
"photo","2017-02-01",1103,534,210,2017-02-01
"link","2017-02-01",317,56,63,2017-02-01
"video","2017-01-31",3012,845,0,2017-01-31
"video","2017-01-31",645,450,210,2017-01-31
"link","2017-01-31",176,74,35,2017-01-31
"link","2017-01-30",467,282,136,2017-01-30
"photo","2017-01-30",642,253,181,2017-01-30
"link","2017-01-30",1766,501,0,2017-01-30
"link","2017-01-29",230,105,30,2017-01-29
"link","2017-01-29",220,90,47,2017-01-29
"link","2017-01-28",130,147,67,2017-01-28
"link","2017-01-28",388,280,77,2017-01-28
"link","2017-01-27",334,439,50,2017-01-27
"link","2017-01-27",333,197,71,2017-01-27
"link","2017-01-27",360,236,83,2017-01-27
"photo","2017-01-27",1132,288,0,2017-01-27
"link","2017-01-27",1415,538,206,2017-01-27
"link","2017-01-27",355,228,55,2017-01-27
"link","2017-01-27",155,128,20,2017-01-27
"photo","2017-01-26",298,643,196,2017-01-26
"photo","2017-01-26",151,284,42,2017-01-26
"photo","2017-01-26",444,173,127,2017-01-26
"video","2017-01-26",941,325,0,2017-01-26
"photo","2017-01-25",321,494,54,2017-01-25
"link","2017-01-25",521,228,133,2017-01-25
"video","2017-01-25",588,528,193,2017-01-25
"photo","2017-01-25",503,192,252,2017-01-25
"photo","2017-01-25",360,363,86,2017-01-25
"photo","2017-01-25",864,311,372,2017-01-25
"video","2017-01-25",1063,122,0,2017-01-25
"photo","2017-01-24",267,246,59,2017-01-24
"photo","2017-01-24",392,141,59,2017-01-24
"link","2017-01-24",233,358,96,2017-01-24
"video","2017-01-24",1346,543,0,2017-01-24
"video","2017-01-24",864,423,0,2017-01-24
"link","2017-01-23",882,483,1,2017-01-23
"photo","2017-01-23",263,293,121,2017-01-23
"video","2017-01-23",838,374,452,2017-01-23
"photo","2017-01-23",1041,365,407,2017-01-23
"link","2017-01-22",1597,1025,688,2017-01-22
"link","2017-01-21",262,220,79,2017-01-21
"photo","2017-01-21",388,611,187,2017-01-21
"link","2017-01-21",284,263,87,2017-01-21
"link","2017-01-20",327,268,45,2017-01-20
"photo","2017-01-20",1459,689,281,2017-01-20
"link","2017-01-20",314,138,51,2017-01-20
"photo","2017-01-20",346,522,94,2017-01-20
"photo","2017-01-19",320,287,35,2017-01-19
"link","2017-01-19",88,62,27,2017-01-19
"video","2017-01-19",1942,827,0,2017-01-19
"link","2017-01-19",313,155,34,2017-01-19
"link","2017-01-19",766,452,124,2017-01-19
"video","2017-01-19",157,94,0,2017-01-19
"link","2017-01-18",362,224,69,2017-01-18
"photo","2017-01-18",346,147,53,2017-01-18
"photo","2017-01-18",642,352,114,2017-01-18
"video","2017-01-18",1042,740,741,2017-01-18
"video","2017-01-18",1186,558,269,2017-01-18
"link","2017-01-17",293,323,62,2017-01-17
"video","2017-01-17",1308,598,0,2017-01-17
"link","2017-01-17",2439,771,541,2017-01-17
"video","2017-01-17",324,358,282,2017-01-17
"photo","2017-01-17",1263,723,581,2017-01-17
"photo","2017-01-17",526,342,146,2017-01-17
"photo","2017-01-17",603,561,161,2017-01-17
"link","2017-01-16",1793,389,435,2017-01-16
"photo","2017-01-16",637,710,201,2017-01-16
"link","2017-01-15",143,254,125,2017-01-15
"photo","2017-01-15",349,719,153,2017-01-15
"video","2017-01-15",445,542,272,2017-01-15
"link","2017-01-14",518,228,113,2017-01-14
"link","2017-01-14",800,267,198,2017-01-14
"photo","2017-01-13",830,445,403,2017-01-13
"link","2017-01-13",1092,477,156,2017-01-13
"link","2017-01-13",357,158,90,2017-01-13
"video","2017-01-13",1575,442,0,2017-01-13
"link","2017-01-12",432,154,102,2017-01-12
"photo","2017-01-12",618,354,308,2017-01-12
"link","2017-01-12",169,86,18,2017-01-12
"photo","2017-01-12",782,218,237,2017-01-12
"link","2017-01-12",255,92,0,2017-01-12
"link","2017-01-12",121,43,36,2017-01-12
"video","2017-01-12",228,213,0,2017-01-12
"photo","2017-01-11",458,452,103,2017-01-11
"link","2017-01-11",426,598,707,2017-01-11
"photo","2017-01-11",122,222,27,2017-01-11
"link","2017-01-10",228,306,57,2017-01-10
"photo","2017-01-10",172,449,76,2017-01-10
"link","2017-01-10",247,99,0,2017-01-10
"link","2017-01-10",1521,548,193,2017-01-10
"link","2017-01-10",500,270,99,2017-01-10
"link","2017-01-09",137,131,78,2017-01-09
"photo","2017-01-09",548,306,167,2017-01-09
"link","2017-01-09",229,244,51,2017-01-09
"video","2017-01-08",1572,763,0,2017-01-08
"link","2017-01-08",1853,1161,326,2017-01-08
"link","2017-01-07",787,639,77,2017-01-07
"link","2017-01-07",429,636,48,2017-01-07
"link","2017-01-06",84,232,16,2017-01-06
"link","2017-01-05",140,323,50,2017-01-05
"video","2017-01-04",3691,906,0,2017-01-04
"photo","2017-01-04",328,504,166,2017-01-04
"photo","2017-01-04",1661,940,347,2017-01-04
"link","2017-01-04",650,163,92,2017-01-04
"link","2017-01-03",397,180,109,2017-01-03
"link","2017-01-03",2287,607,0,2017-01-03
"link","2017-01-02",385,227,86,2017-01-02
"photo","2017-01-02",902,237,155,2017-01-02
"video","2017-01-01",2089,772,0,2017-01-01
"link","2016-12-31",504,336,73,2016-12-31
"link","2016-12-31",246,175,52,2016-12-31
"video","2016-12-31",969,346,0,2016-12-31
"link","2016-12-30",966,408,221,2016-12-30
"link","2016-12-30",1349,691,176,2016-12-30
"link","2016-12-29",393,320,135,2016-12-29
"link","2016-12-29",1116,432,407,2016-12-29
"video","2016-12-28",313,421,176,2016-12-28
"photo","2016-12-28",182,322,84,2016-12-28
"link","2016-12-28",274,200,132,2016-12-28
"link","2016-12-28",372,286,50,2016-12-28
"link","2016-12-27",544,479,258,2016-12-27
"link","2016-12-26",958,597,274,2016-12-26
"link","2016-12-24",311,339,65,2016-12-24
"video","2016-12-23",736,301,0,2016-12-23
"link","2016-12-23",133,177,34,2016-12-23
"photo","2016-12-23",164,241,33,2016-12-23
"photo","2016-12-22",239,612,75,2016-12-22
"link","2016-12-22",209,119,43,2016-12-22
"link","2016-12-22",166,233,16,2016-12-22
"link","2016-12-22",179,75,28,2016-12-22
"video","2016-12-22",557,573,352,2016-12-22
"link","2016-12-21",132,253,22,2016-12-21
"link","2016-12-21",137,55,18,2016-12-21
"photo","2016-12-21",736,676,313,2016-12-21
"link","2016-12-21",212,45,43,2016-12-21
"photo","2016-12-21",635,255,262,2016-12-21
"link","2016-12-20",520,388,88,2016-12-20
"link","2016-12-20",698,442,205,2016-12-20
"video","2016-12-20",3195,2962,1112,2016-12-20
"photo","2016-12-20",1097,330,406,2016-12-20
"video","2016-12-20",160,207,122,2016-12-20
"link","2016-12-20",435,372,117,2016-12-20
"link","2016-12-19",232,119,56,2016-12-19
"photo","2016-12-19",441,103,103,2016-12-19
"link","2016-12-19",132,69,30,2016-12-19
"photo","2016-12-18",221,347,84,2016-12-18
"photo","2016-12-17",402,468,174,2016-12-17
"link","2016-12-17",340,260,95,2016-12-17
"link","2016-12-16",238,106,28,2016-12-16
"photo","2016-12-16",298,33,86,2016-12-16
"link","2016-12-16",394,200,135,2016-12-16
"video","2016-12-16",223,54,81,2016-12-16
"photo","2016-12-16",385,498,247,2016-12-16
"link","2016-12-15",186,103,0,2016-12-15
"link","2016-12-15",107,37,20,2016-12-15
"link","2016-12-15",313,292,108,2016-12-15
"video","2016-12-15",1173,885,608,2016-12-15
"photo","2016-12-15",553,245,181,2016-12-15
"video","2016-12-14",515,309,210,2016-12-14
"link","2016-12-13",454,468,68,2016-12-13
"link","2016-12-13",387,393,110,2016-12-13
"photo","2016-12-13",366,339,130,2016-12-13
"photo","2016-12-12",795,654,199,2016-12-12
"link","2016-12-12",405,215,55,2016-12-12
"link","2016-12-12",220,57,30,2016-12-12
"link","2016-12-12",129,118,0,2016-12-12
"photo","2016-12-12",494,101,157,2016-12-12
"video","2016-12-11",439,690,491,2016-12-11
"photo","2016-12-11",259,268,32,2016-12-11
"photo","2016-12-10",326,100,91,2016-12-10
"link","2016-12-10",399,323,94,2016-12-10
"link","2016-12-09",131,231,22,2016-12-09
"link","2016-12-09",158,389,182,2016-12-09
"link","2016-12-08",248,305,26,2016-12-08
"photo","2016-12-08",357,165,68,2016-12-08
"photo","2016-12-08",348,172,63,2016-12-08
"photo","2016-12-07",257,759,321,2016-12-07
"photo","2016-12-07",279,88,69,2016-12-07
"video","2016-12-07",264,347,333,2016-12-07
"photo","2016-12-07",383,295,88,2016-12-07
"link","2016-12-06",218,219,48,2016-12-06
"photo","2016-12-06",364,255,138,2016-12-06
"photo","2016-12-06",286,302,46,2016-12-06
"photo","2016-12-05",1949,713,550,2016-12-05
"link","2016-12-04",1375,462,238,2016-12-04
"photo","2016-12-03",1770,908,355,2016-12-03
"link","2016-12-03",191,105,35,2016-12-03
"photo","2016-12-03",481,361,142,2016-12-03
"link","2016-12-02",326,160,27,2016-12-02
"link","2016-12-02",546,454,813,2016-12-02
"photo","2016-12-02",1806,414,500,2016-12-02
"link","2016-12-02",264,41,50,2016-12-02
"video","2016-12-02",1572,384,1499,2016-12-02
"link","2016-12-02",886,181,318,2016-12-02
"link","2016-12-01",429,471,53,2016-12-01
"photo","2016-12-01",1716,188,83,2016-12-01
"video","2016-11-30",4676,805,1,2016-11-30
"link","2016-11-30",1543,297,135,2016-11-30
"link","2016-11-30",559,98,84,2016-11-30
"link","2016-11-30",203,129,75,2016-11-30
"photo","2016-11-30",713,587,238,2016-11-30
"photo","2016-11-30",457,241,109,2016-11-30
"video","2016-11-30",1052,195,0,2016-11-30
"link","2016-11-29",182,137,49,2016-11-29
"link","2016-11-29",1585,962,192,2016-11-29
"link","2016-11-29",194,196,59,2016-11-29
"video","2016-11-29",292,126,0,2016-11-29
"link","2016-11-29",310,223,0,2016-11-29
"link","2016-11-28",89,111,140,2016-11-28
"link","2016-11-28",232,281,0,2016-11-28
"link","2016-11-28",147,245,34,2016-11-28
"video","2016-11-27",450,977,670,2016-11-27
"photo","2016-11-26",340,112,58,2016-11-26
"link","2016-11-26",1433,301,782,2016-11-26
"link","2016-11-25",184,291,40,2016-11-25
"link","2016-11-25",423,200,113,2016-11-25
"photo","2016-11-24",404,543,707,2016-11-24
"link","2016-11-24",98,57,13,2016-11-24
"photo","2016-11-24",691,312,147,2016-11-24
"link","2016-11-24",133,258,41,2016-11-24
"video","2016-11-23",93,88,84,2016-11-23
"link","2016-11-23",185,394,125,2016-11-23
"video","2016-11-23",178,141,93,2016-11-23
"video","2016-11-23",410,211,62,2016-11-23
"photo","2016-11-23",335,139,157,2016-11-23
"link","2016-11-23",49,31,12,2016-11-23
"link","2016-11-23",223,276,45,2016-11-23
"link","2016-11-22",1110,194,269,2016-11-22
"link","2016-11-22",114,152,116,2016-11-22
"video","2016-11-22",197,282,89,2016-11-22
"photo","2016-11-22",376,245,43,2016-11-22
"photo","2016-11-22",805,157,221,2016-11-22
"video","2016-11-22",443,157,0,2016-11-22
"photo","2016-11-21",93,117,71,2016-11-21
"photo","2016-11-21",483,260,116,2016-11-21
"video","2016-11-21",185,127,54,2016-11-21
"link","2016-11-21",231,214,42,2016-11-21
"link","2016-11-20",231,530,90,2016-11-20
"link","2016-11-20",197,260,42,2016-11-20
"link","2016-11-19",467,352,47,2016-11-19
"link","2016-11-19",1220,468,298,2016-11-19
"link","2016-11-19",257,671,26,2016-11-19
"link","2016-11-18",350,566,50,2016-11-18
"link","2016-11-18",289,287,85,2016-11-18
"link","2016-11-18",701,382,123,2016-11-18
"link","2016-11-17",217,431,35,2016-11-17
"video","2016-11-17",713,176,0,2016-11-17
"link","2016-11-16",738,501,195,2016-11-16
"photo","2016-11-16",1271,524,566,2016-11-16
"photo","2016-11-16",493,362,121,2016-11-16
"photo","2016-11-16",266,271,71,2016-11-16
"link","2016-11-15",295,576,261,2016-11-15
"link","2016-11-15",57,55,18,2016-11-15
"photo","2016-11-15",481,258,225,2016-11-15
"photo","2016-11-15",675,444,518,2016-11-15
"photo","2016-11-14",309,265,72,2016-11-14
"link","2016-11-14",298,256,70,2016-11-14
"link","2016-11-14",294,173,54,2016-11-14
"link","2016-11-13",647,548,61,2016-11-13
"link","2016-11-13",290,321,74,2016-11-13
"link","2016-11-12",1268,614,146,2016-11-12
"photo","2016-11-11",988,332,281,2016-11-11
"link","2016-11-11",240,225,40,2016-11-11
"link","2016-11-11",296,302,39,2016-11-11
"video","2016-11-10",3000,888,4799,2016-11-10
"photo","2016-11-10",347,158,68,2016-11-10
"photo","2016-11-09",350,508,166,2016-11-09
"link","2016-11-08",227,478,68,2016-11-08
"link","2016-11-08",202,370,40,2016-11-08
"photo","2016-11-08",750,452,239,2016-11-08
"photo","2016-11-07",1530,473,363,2016-11-07
"photo","2016-11-06",812,205,103,2016-11-06
"link","2016-11-06",825,694,136,2016-11-06
"link","2016-11-05",364,416,77,2016-11-05
"link","2016-11-04",252,440,133,2016-11-04
"link","2016-11-03",565,370,166,2016-11-03
"photo","2016-11-03",251,60,58,2016-11-03
"video","2016-11-03",572,122,0,2016-11-03
"link","2016-11-03",150,119,22,2016-11-03
"photo","2016-11-03",547,389,100,2016-11-03
"photo","2016-11-03",246,138,53,2016-11-03
"link","2016-11-02",182,289,132,2016-11-02
"link","2016-11-02",215,70,79,2016-11-02
"video","2016-11-02",238,99,54,2016-11-02
"link","2016-11-02",175,284,77,2016-11-02
"video","2016-11-02",1597,260,0,2016-11-02
"link","2016-11-01",159,352,71,2016-11-01
"link","2016-11-01",301,215,49,2016-11-01
"video","2016-10-31",445,178,128,2016-10-31
"link","2016-10-31",328,147,80,2016-10-31
"photo","2016-10-31",688,330,288,2016-10-31
"link","2016-10-30",302,734,200,2016-10-30
"link","2016-10-29",456,663,48,2016-10-29
"link","2016-10-28",268,468,42,2016-10-28
"link","2016-10-28",1349,527,420,2016-10-28
"link","2016-10-27",533,577,143,2016-10-27
"link","2016-10-27",425,583,98,2016-10-27
"photo","2016-10-27",789,488,262,2016-10-27
"photo","2016-10-26",293,175,56,2016-10-26
"photo","2016-10-26",969,632,178,2016-10-26
"video","2016-10-26",353,295,61,2016-10-26
"photo","2016-10-25",3345,553,1124,2016-10-25
"link","2016-10-25",318,213,61,2016-10-25
"photo","2016-10-25",373,138,80,2016-10-25
"link","2016-10-25",738,457,140,2016-10-25
"video","2016-10-24",2009,960,0,2016-10-24
"link","2016-10-23",582,659,0,2016-10-23
"video","2016-10-23",394,187,72,2016-10-23
"link","2016-10-21",125,407,26,2016-10-21
"link","2016-10-21",398,338,58,2016-10-21
"photo","2016-10-21",458,313,80,2016-10-21
"photo","2016-10-21",1240,261,160,2016-10-21
"link","2016-10-21",344,345,67,2016-10-21
"video","2016-10-20",503,504,213,2016-10-20
"link","2016-10-20",760,721,287,2016-10-20
"photo","2016-10-20",3611,780,1451,2016-10-20
"video","2016-10-19",537,424,102,2016-10-19
"photo","2016-10-19",620,214,146,2016-10-19
"link","2016-10-19",281,273,111,2016-10-19
"video","2016-10-19",890,330,287,2016-10-19
"link","2016-10-18",507,596,409,2016-10-18
"link","2016-10-18",232,208,122,2016-10-18
"link","2016-10-18",376,201,116,2016-10-18
"link","2016-10-18",1044,225,232,2016-10-18
"link","2016-10-18",392,413,50,2016-10-18
"video","2016-10-17",1030,493,339,2016-10-17
"link","2016-10-17",2074,560,272,2016-10-17
"link","2016-10-17",233,261,29,2016-10-17
"link","2016-10-16",420,408,105,2016-10-16
"link","2016-10-16",353,161,98,2016-10-16
"link","2016-10-16",127,143,35,2016-10-16
"link","2016-10-16",224,223,57,2016-10-16
"video","2016-10-15",1355,769,401,2016-10-15
"link","2016-10-15",756,396,168,2016-10-15
"photo","2016-10-15",1699,506,128,2016-10-15
"video","2016-10-15",1214,2120,232,2016-10-15
"video","2016-10-15",885,1446,167,2016-10-15
"photo","2016-10-15",171,166,29,2016-10-15
"video","2016-10-14",741,962,263,2016-10-14
"video","2016-10-14",634,407,852,2016-10-14
"link","2016-10-14",429,279,67,2016-10-14
"video","2016-10-14",870,955,148,2016-10-14
"video","2016-10-14",410,198,93,2016-10-14
"video","2016-10-14",310,382,253,2016-10-14
"video","2016-10-14",971,1095,166,2016-10-14
"link","2016-10-13",529,411,53,2016-10-13
"video","2016-10-13",647,353,648,2016-10-13
"video","2016-10-13",1193,1055,153,2016-10-13
"video","2016-10-13",1004,364,73,2016-10-13
"link","2016-10-13",1279,848,205,2016-10-13
"video","2016-10-13",375,92,0,2016-10-13
"photo","2016-10-13",530,72,76,2016-10-13
"video","2016-10-13",1955,2530,561,2016-10-13
"photo","2016-10-13",105,50,12,2016-10-13
"photo","2016-10-13",92,131,18,2016-10-13
"link","2016-10-12",1296,536,131,2016-10-12
"video","2016-10-12",763,335,188,2016-10-12
"link","2016-10-12",444,209,69,2016-10-12
"video","2016-10-12",1106,372,366,2016-10-12
"photo","2016-10-11",237,507,196,2016-10-11
"photo","2016-10-11",954,424,252,2016-10-11
"link","2016-10-11",874,434,141,2016-10-11
"link","2016-10-11",108,51,24,2016-10-11
"link","2016-10-10",156,61,15,2016-10-10
"link","2016-10-10",311,125,58,2016-10-10
"link","2016-10-09",185,413,58,2016-10-09
"link","2016-10-08",629,388,87,2016-10-08
"link","2016-10-07",1130,818,264,2016-10-07
"photo","2016-10-07",451,298,62,2016-10-07
"photo","2016-10-07",2377,721,1108,2016-10-07
"link","2016-10-06",464,702,112,2016-10-06
"link","2016-10-06",220,175,29,2016-10-06
"photo","2016-10-06",1105,338,387,2016-10-06
"video","2016-10-06",2017,508,1546,2016-10-06
"link","2016-10-06",192,299,112,2016-10-06
"link","2016-10-06",1703,679,573,2016-10-06
"link","2016-10-06",271,60,39,2016-10-06
"link","2016-10-05",587,316,140,2016-10-05
"link","2016-10-05",591,563,361,2016-10-05
"link","2016-10-05",1179,546,966,2016-10-05
"link","2016-10-04",207,119,18,2016-10-04
"photo","2016-10-04",406,205,80,2016-10-04
"video","2016-10-04",552,730,777,2016-10-04
"link","2016-10-04",207,348,103,2016-10-04
"link","2016-10-03",51,146,29,2016-10-03
"photo","2016-10-03",971,472,287,2016-10-03
"link","2016-10-03",341,609,0,2016-10-03
"link","2016-10-02",379,355,142,2016-10-02
"video","2016-10-02",989,1050,3148,2016-10-02
"link","2016-10-02",660,544,240,2016-10-02
"link","2016-10-01",346,618,133,2016-10-01
"photo","2016-09-30",1068,535,267,2016-09-30
"link","2016-09-30",200,83,21,2016-09-30
"link","2016-09-29",264,264,35,2016-09-29
"link","2016-09-29",291,233,56,2016-09-29
"link","2016-09-28",1291,417,233,2016-09-28
"photo","2016-09-28",1444,447,419,2016-09-28
"link","2016-09-27",229,354,51,2016-09-27
"link","2016-09-27",373,496,155,2016-09-27
"photo","2016-09-27",918,384,359,2016-09-27
"link","2016-09-27",350,205,141,2016-09-27
"link","2016-09-26",599,358,74,2016-09-26
"link","2016-09-26",232,384,147,2016-09-26
"link","2016-09-25",588,788,184,2016-09-25
"photo","2016-09-24",273,229,57,2016-09-24
"photo","2016-09-22",225,626,38,2016-09-22
"photo","2016-09-22",292,138,85,2016-09-22
"photo","2016-09-22",1520,229,353,2016-09-22
"link","2016-09-21",359,257,53,2016-09-21
"link","2016-09-21",748,355,240,2016-09-21
"photo","2016-09-21",453,152,156,2016-09-21
"photo","2016-09-21",125,177,41,2016-09-21
"photo","2016-09-20",380,412,64,2016-09-20
"link","2016-09-19",101,472,54,2016-09-19
"photo","2016-09-19",573,476,175,2016-09-19
"link","2016-09-18",1999,1372,418,2016-09-18
"link","2016-09-17",290,308,46,2016-09-17
"link","2016-09-16",199,567,28,2016-09-16
"link","2016-09-16",184,236,32,2016-09-16
"link","2016-09-16",351,357,44,2016-09-16
"video","2016-09-16",756,307,0,2016-09-16
"link","2016-09-15",377,121,80,2016-09-15
"link","2016-09-15",559,229,103,2016-09-15
"photo","2016-09-15",1082,292,321,2016-09-15
"link","2016-09-15",562,341,121,2016-09-15
"photo","2016-09-14",572,449,159,2016-09-14
"link","2016-09-14",131,80,13,2016-09-14
"video","2016-09-14",613,680,318,2016-09-14
"photo","2016-09-14",547,200,178,2016-09-14
"link","2016-09-13",98,135,50,2016-09-13
"photo","2016-09-13",290,103,68,2016-09-13
"photo","2016-09-13",203,87,32,2016-09-13
"photo","2016-09-13",237,285,267,2016-09-13
"link","2016-09-13",705,184,116,2016-09-13
"link","2016-09-12",358,263,71,2016-09-12
"photo","2016-09-12",886,264,395,2016-09-12
"photo","2016-09-12",2207,251,827,2016-09-12
"link","2016-09-11",794,415,136,2016-09-11
"link","2016-09-11",532,277,71,2016-09-11
"link","2016-09-10",243,299,124,2016-09-10
"link","2016-09-10",463,406,104,2016-09-10
"link","2016-09-09",282,290,56,2016-09-09
"photo","2016-09-09",569,224,152,2016-09-09
"link","2016-09-09",300,318,37,2016-09-09
"link","2016-09-09",399,331,87,2016-09-09
"video","2016-09-09",1461,379,0,2016-09-09
"photo","2016-09-08",1966,644,1214,2016-09-08
"photo","2016-09-08",930,158,203,2016-09-08
"link","2016-09-08",369,348,66,2016-09-08
"video","2016-09-08",2253,858,1054,2016-09-08
"link","2016-09-07",332,436,93,2016-09-07
"link","2016-09-07",210,179,85,2016-09-07
"link","2016-09-07",238,170,36,2016-09-07
"video","2016-09-07",782,436,341,2016-09-07
"link","2016-09-07",500,251,39,2016-09-07
"photo","2016-09-07",667,132,142,2016-09-07
"video","2016-09-07",1302,410,853,2016-09-07
"photo","2016-09-07",668,37,75,2016-09-07
"video","2016-09-07",584,642,594,2016-09-07
"link","2016-09-06",537,437,85,2016-09-06
"video","2016-09-06",841,386,329,2016-09-06
"link","2016-09-06",472,213,47,2016-09-06
"photo","2016-09-06",121,122,37,2016-09-06
"photo","2016-09-06",537,108,153,2016-09-06
"link","2016-09-06",970,315,183,2016-09-06
"photo","2016-09-05",216,211,49,2016-09-05
"link","2016-09-05",1038,279,166,2016-09-05
"link","2016-09-05",200,413,86,2016-09-05
"link","2016-09-04",666,594,122,2016-09-04
"video","2016-09-03",905,587,1066,2016-09-03
"link","2016-09-03",381,198,40,2016-09-03
"video","2016-09-02",4627,5831,10919,2016-09-02
"link","2016-09-02",1046,1077,198,2016-09-02
"link","2016-09-02",844,379,1311,2016-09-02
"photo","2016-09-02",3259,923,1150,2016-09-02
"video","2016-09-02",783,295,2,2016-09-02
"video","2016-09-02",3003,3707,1936,2016-09-02
"link","2016-09-01",713,687,165,2016-09-01
"link","2016-09-01",358,376,52,2016-09-01
"photo","2016-08-31",337,686,113,2016-08-31
"link","2016-08-31",386,358,37,2016-08-31
"photo","2016-08-30",949,598,447,2016-08-30
"link","2016-08-29",317,564,56,2016-08-29
"link","2016-08-27",494,1201,52,2016-08-27
"link","2016-08-26",928,1023,161,2016-08-26
"photo","2016-08-25",1065,626,230,2016-08-25
"link","2016-08-25",342,519,37,2016-08-25
"photo","2016-08-24",119,857,0,2016-08-24
"link","2016-08-24",543,1257,169,2016-08-24
"link","2016-08-23",540,426,0,2016-08-23
"video","2016-08-23",1342,870,525,2016-08-23
"link","2016-08-23",390,91,61,2016-08-23
"photo","2016-08-23",346,469,229,2016-08-23
"link","2016-08-22",615,597,777,2016-08-22
"photo","2016-08-22",774,128,114,2016-08-22
"link","2016-08-22",406,357,77,2016-08-22
"link","2016-08-21",327,484,45,2016-08-21
"photo","2016-08-20",2908,745,349,2016-08-20
"photo","2016-08-19",653,599,128,2016-08-19
"photo","2016-08-19",425,37,1,2016-08-19
"link","2016-08-18",463,839,92,2016-08-18
"photo","2016-08-18",410,427,84,2016-08-18
"photo","2016-08-17",948,631,201,2016-08-17
"link","2016-08-17",150,146,56,2016-08-17
"photo","2016-08-17",673,373,205,2016-08-17
"video","2016-08-17",234,242,0,2016-08-17
"photo","2016-08-17",306,294,56,2016-08-17
"photo","2016-08-16",531,230,113,2016-08-16
"link","2016-08-15",546,590,337,2016-08-15
"link","2016-08-15",902,209,133,2016-08-15
"photo","2016-08-14",717,470,151,2016-08-14
"link","2016-08-13",473,598,88,2016-08-13
"photo","2016-08-10",585,241,137,2016-08-10
"photo","2016-08-10",640,580,332,2016-08-10
"photo","2016-08-09",1605,1338,434,2016-08-09
"link","2016-08-09",853,218,0,2016-08-09
"photo","2016-08-09",1232,164,0,2016-08-09
"photo","2016-08-09",1324,147,179,2016-08-09
"link","2016-08-08",361,531,92,2016-08-08
"link","2016-08-07",556,484,107,2016-08-07
"photo","2016-08-06",267,578,94,2016-08-06
"photo","2016-08-05",2441,488,0,2016-08-05
"link","2016-08-04",489,910,0,2016-08-04
"photo","2016-08-03",976,421,383,2016-08-03
"photo","2016-08-02",332,392,153,2016-08-02
"photo","2016-08-02",489,208,195,2016-08-02
"link","2016-08-02",574,191,131,2016-08-02
"photo","2016-08-01",1262,700,357,2016-08-01
"link","2016-07-30",285,367,54,2016-07-30
"photo","2016-07-30",834,486,192,2016-07-30
"photo","2016-07-29",454,659,160,2016-07-29
"video","2016-07-28",358,1061,1,2016-07-28
"photo","2016-07-28",244,558,162,2016-07-28
"photo","2016-07-27",566,959,231,2016-07-27
"photo","2016-07-26",515,623,162,2016-07-26
"video","2016-07-25",1032,701,0,2016-07-25
"link","2016-07-25",1143,813,187,2016-07-25
"photo","2016-07-25",1084,898,480,2016-07-25
"link","2016-07-25",544,622,155,2016-07-25
"link","2016-07-24",1227,1169,478,2016-07-24
"link","2016-07-22",899,599,212,2016-07-22
"photo","2016-07-22",1425,723,270,2016-07-22
"photo","2016-07-22",1736,694,1116,2016-07-22
"photo","2016-07-21",328,400,45,2016-07-21
"link","2016-07-21",2557,1025,488,2016-07-21
"photo","2016-07-21",1010,220,293,2016-07-21
"link","2016-07-20",681,510,71,2016-07-20
"link","2016-07-20",721,458,179,2016-07-20
"photo","2016-07-20",502,294,154,2016-07-20
"link","2016-07-19",2528,1180,299,2016-07-19
"photo","2016-07-19",235,198,55,2016-07-19
"link","2016-07-19",895,707,252,2016-07-19
"link","2016-07-18",1360,1122,1386,2016-07-18
"photo","2016-07-18",5578,1968,9061,2016-07-18
"video","2016-07-18",6029,1273,2118,2016-07-18
"video","2016-07-18",780,701,685,2016-07-18
"photo","2016-07-18",1392,632,1237,2016-07-18
"link","2016-07-17",1273,1129,109,2016-07-17
"link","2016-07-17",266,339,54,2016-07-17
"link","2016-07-17",827,754,703,2016-07-17
"link","2016-07-16",1034,755,181,2016-07-16
"video","2016-07-15",2555,701,0,2016-07-15
"link","2016-07-15",246,143,29,2016-07-15
"photo","2016-07-15",2042,820,1,2016-07-15
"photo","2016-07-15",676,330,110,2016-07-15
"link","2016-07-15",2748,498,0,2016-07-15
"video","2016-07-14",534,670,0,2016-07-14
"link","2016-07-14",699,752,312,2016-07-14
"photo","2016-07-14",1872,1180,723,2016-07-14
"link","2016-07-14",1759,775,214,2016-07-14
"video","2016-07-13",1580,815,0,2016-07-13
"photo","2016-07-13",1025,230,108,2016-07-13
"photo","2016-07-13",245,26,28,2016-07-13
"photo","2016-07-13",755,850,573,2016-07-13
"photo","2016-07-13",1732,346,343,2016-07-13
"video","2016-07-13",1960,1218,609,2016-07-13
"photo","2016-07-13",5856,1316,0,2016-07-13
"link","2016-07-12",886,480,415,2016-07-12
"photo","2016-07-11",1610,903,1033,2016-07-11
"photo","2016-07-11",328,231,59,2016-07-11
"link","2016-07-11",695,872,611,2016-07-11
"link","2016-07-11",2102,619,356,2016-07-11
"link","2016-07-11",2519,667,311,2016-07-11
"photo","2016-07-10",16819,985,0,2016-07-10
"link","2016-07-10",2211,624,375,2016-07-10
"link","2016-07-10",200,160,155,2016-07-10
"link","2016-07-09",1965,704,419,2016-07-09
"link","2016-07-08",275,39,49,2016-07-08
"video","2016-07-08",833,250,0,2016-07-08
"link","2016-07-06",342,181,129,2016-07-06
"video","2016-07-06",1293,207,894,2016-07-06
"video","2016-07-06",1106,161,354,2016-07-06
"photo","2016-07-06",721,144,454,2016-07-06
"link","2016-07-06",499,119,0,2016-07-06
"link","2016-07-06",809,263,88,2016-07-06
"link","2016-07-05",103,126,70,2016-07-05
"photo","2016-07-05",114,177,17,2016-07-05
"photo","2016-07-05",2388,589,0,2016-07-05
"video","2016-07-05",827,245,0,2016-07-05
"photo","2016-07-05",517,119,196,2016-07-05
"link","2016-07-05",1345,343,591,2016-07-05
"link","2016-07-05",979,319,80,2016-07-05
"link","2016-07-04",498,527,373,2016-07-04
"link","2016-07-04",433,356,75,2016-07-04
"link","2016-07-03",1596,765,725,2016-07-03
"photo","2016-07-02",783,233,84,2016-07-02
"link","2016-07-02",675,720,583,2016-07-02
"video","2016-07-02",3856,1982,3893,2016-07-02
"photo","2016-07-01",299,267,65,2016-07-01
"link","2016-07-01",835,240,118,2016-07-01
"link","2016-07-01",2376,1043,639,2016-07-01
"link","2016-07-01",585,422,166,2016-07-01
"link","2016-06-30",883,666,417,2016-06-30
"photo","2016-06-30",1073,223,210,2016-06-30
"video","2016-06-30",4469,1179,2496,2016-06-30
"link","2016-06-30",361,230,34,2016-06-30
"link","2016-06-29",655,554,90,2016-06-29
"video","2016-06-29",2765,368,3051,2016-06-29
"video","2016-06-29",559,436,296,2016-06-29
"video","2016-06-29",2759,2229,1664,2016-06-29
"photo","2016-06-29",4317,816,1503,2016-06-29
"video","2016-06-29",477,307,123,2016-06-29
"photo","2016-06-29",1517,387,1,2016-06-29
"link","2016-06-29",926,321,275,2016-06-29
"photo","2016-06-29",4212,877,0,2016-06-29
"link","2016-06-29",4904,1120,0,2016-06-29
"link","2016-06-28",103,80,19,2016-06-28
"link","2016-06-28",2532,665,436,2016-06-28
"link","2016-06-28",845,489,322,2016-06-28
"link","2016-06-28",2626,860,1,2016-06-28
"link","2016-06-28",2011,580,912,2016-06-28
"video","2016-06-28",4375,1026,1149,2016-06-28
"link","2016-06-28",868,546,130,2016-06-28
"link","2016-06-28",1171,499,651,2016-06-28
"video","2016-06-28",26010,3559,22903,2016-06-28
"video","2016-06-28",1239,246,0,2016-06-28
"link","2016-06-27",3588,1393,385,2016-06-27
"video","2016-06-27",9586,1744,7270,2016-06-27
"link","2016-06-27",2330,887,208,2016-06-27
"link","2016-06-26",4824,728,0,2016-06-26
"photo","2016-06-26",2467,855,1024,2016-06-26
"video","2016-06-26",3569,1542,2069,2016-06-26
"video","2016-06-26",2527,717,1,2016-06-26
"photo","2016-06-26",1466,752,222,2016-06-26
"link","2016-06-26",340,275,78,2016-06-26
"photo","2016-06-25",2681,1056,1123,2016-06-25
"link","2016-06-25",1803,909,450,2016-06-25
"video","2016-06-25",4535,1501,0,2016-06-25
"photo","2016-06-24",9968,1153,1,2016-06-24
"link","2016-06-24",1293,1004,359,2016-06-24
"video","2016-06-24",26047,5022,35106,2016-06-24
"link","2016-06-24",2486,545,740,2016-06-24
"link","2016-06-24",19368,4809,3764,2016-06-24
"link","2016-06-24",2514,616,1,2016-06-24
"link","2016-06-24",1694,620,705,2016-06-24
"link","2016-06-24",8433,1529,3953,2016-06-24
"link","2016-06-24",9076,1694,5799,2016-06-24
"link","2016-06-23",142,219,33,2016-06-23
"video","2016-06-23",989,740,3,2016-06-23
"link","2016-06-23",451,284,129,2016-06-23
"photo","2016-06-23",1023,604,515,2016-06-23
"photo","2016-06-22",377,344,86,2016-06-22
"photo","2016-06-22",254,249,60,2016-06-22
"photo","2016-06-22",185,312,50,2016-06-22
"video","2016-06-22",672,270,0,2016-06-22
"video","2016-06-22",1206,2728,324,2016-06-22
"photo","2016-06-22",212,257,103,2016-06-22
"link","2016-06-22",126,176,75,2016-06-22
"photo","2016-06-22",167,212,65,2016-06-22
"photo","2016-06-22",965,746,323,2016-06-22
"photo","2016-06-21",752,661,879,2016-06-21
"photo","2016-06-21",609,601,108,2016-06-21
"video","2016-06-20",719,733,375,2016-06-20
"video","2016-06-20",772,91,390,2016-06-20
"video","2016-06-20",695,509,0,2016-06-20
"photo","2016-06-20",547,676,197,2016-06-20
"video","2016-06-19",1247,914,1064,2016-06-19
"link","2016-06-19",1765,1339,799,2016-06-19
"link","2016-06-16",2155,256,0,2016-06-16
"photo","2016-06-16",1654,1248,448,2016-06-16
"video","2016-06-15",553,443,176,2016-06-15
"video","2016-06-15",250,262,187,2016-06-15
"link","2016-06-15",1244,981,422,2016-06-15
"video","2016-06-14",830,646,1022,2016-06-14
"photo","2016-06-14",125,257,18,2016-06-14
"video","2016-06-14",858,167,0,2016-06-14
"link","2016-06-14",3307,341,1234,2016-06-14
"link","2016-06-13",461,879,157,2016-06-13
"link","2016-06-13",1210,208,134,2016-06-13
"photo","2016-06-13",123,119,49,2016-06-13
"photo","2016-06-13",2231,119,0,2016-06-13
"link","2016-06-13",558,349,202,2016-06-13
"photo","2016-06-12",199,288,130,2016-06-12
"link","2016-06-12",174,137,19,2016-06-12
"link","2016-06-10",288,658,56,2016-06-10
"video","2016-06-10",65,102,0,2016-06-10
"link","2016-06-10",98,284,37,2016-06-10
"video","2016-06-09",253,363,62,2016-06-09
"video","2016-06-09",812,633,581,2016-06-09
"photo","2016-06-09",1029,478,869,2016-06-09
"video","2016-06-09",917,511,256,2016-06-09
"video","2016-06-09",1115,468,270,2016-06-09
"video","2016-06-09",1253,445,725,2016-06-09
"video","2016-06-09",650,544,210,2016-06-09
"link","2016-06-09",36,43,11,2016-06-09
"link","2016-06-09",144,53,11,2016-06-09
"link","2016-06-09",195,306,63,2016-06-09
"link","2016-06-08",339,88,85,2016-06-08
"photo","2016-06-08",98,307,60,2016-06-08
"photo","2016-06-08",1598,939,397,2016-06-08
"photo","2016-06-07",211,51,91,2016-06-07
"photo","2016-06-07",37,81,13,2016-06-07
"photo","2016-06-07",296,77,172,2016-06-07
"photo","2016-06-07",235,93,58,2016-06-07
"link","2016-06-07",78,41,14,2016-06-07
"link","2016-06-06",3087,436,290,2016-06-06
"link","2016-06-06",128,30,56,2016-06-06
"photo","2016-06-06",87,205,95,2016-06-06
"link","2016-06-05",448,262,79,2016-06-05
"link","2016-06-04",219,150,20,2016-06-04
"video","2016-06-03",768,773,765,2016-06-03
"link","2016-06-03",336,200,47,2016-06-03
"link","2016-06-03",897,936,313,2016-06-03
"link","2016-06-02",371,276,53,2016-06-02
"link","2016-06-02",1120,349,384,2016-06-02
"link","2016-06-01",319,443,88,2016-06-01
"link","2016-05-27",337,634,65,2016-05-27
"link","2016-05-26",399,538,30,2016-05-26
"photo","2016-05-26",291,136,226,2016-05-26
"link","2016-05-25",631,469,87,2016-05-25
"video","2016-05-25",712,360,631,2016-05-25
"link","2016-05-25",545,118,139,2016-05-25
"photo","2016-05-24",416,419,245,2016-05-24
"link","2016-05-23",373,256,102,2016-05-23
"video","2016-05-23",240,278,0,2016-05-23
"link","2016-05-22",389,286,95,2016-05-22
"photo","2016-05-21",608,260,661,2016-05-21
"link","2016-05-21",187,147,98,2016-05-21
"link","2016-05-20",302,285,37,2016-05-20
"video","2016-05-19",540,358,40,2016-05-19
"link","2016-05-19",400,120,19,2016-05-19
"link","2016-05-19",1250,219,442,2016-05-19
"link","2016-05-18",563,185,47,2016-05-18
"photo","2016-05-18",862,420,192,2016-05-18
"link","2016-05-18",85,104,31,2016-05-18
"link","2016-05-17",413,236,80,2016-05-17
"video","2016-05-17",1541,603,907,2016-05-17
"link","2016-05-16",1242,342,925,2016-05-16
"video","2016-05-16",188,38,52,2016-05-16
"link","2016-05-15",1012,344,102,2016-05-15
"link","2016-05-12",365,720,38,2016-05-12
"video","2016-05-12",439,145,268,2016-05-12
"link","2016-05-11",822,444,76,2016-05-11
"link","2016-05-10",2029,913,620,2016-05-10
"link","2016-05-10",455,487,85,2016-05-10
"link","2016-05-09",845,172,83,2016-05-09
"video","2016-05-07",984,567,555,2016-05-07
"photo","2016-05-07",640,315,97,2016-05-07
"video","2016-05-07",3972,1421,1386,2016-05-07
"video","2016-05-06",1904,637,1050,2016-05-06
"link","2016-05-06",3731,992,953,2016-05-06
"link","2016-05-06",5951,675,662,2016-05-06
"photo","2016-05-06",337,23,17,2016-05-06
"photo","2016-05-06",104,7,25,2016-05-06
"photo","2016-05-06",131,1,36,2016-05-06
"photo","2016-05-06",93,3,11,2016-05-06
"photo","2016-05-06",80,1,10,2016-05-06
"photo","2016-05-06",84,1,20,2016-05-06
"photo","2016-05-06",88,2,6,2016-05-06
"photo","2016-05-06",310,16,97,2016-05-06
"photo","2016-05-06",94,0,14,2016-05-06
"photo","2016-05-06",97,4,19,2016-05-06
"photo","2016-05-06",70,1,8,2016-05-06
"photo","2016-05-06",84,1,14,2016-05-06
"photo","2016-05-06",105,0,20,2016-05-06
"photo","2016-05-06",123,3,33,2016-05-06
"photo","2016-05-06",122,6,39,2016-05-06
"photo","2016-05-06",89,0,12,2016-05-06
"photo","2016-05-06",106,7,24,2016-05-06
"photo","2016-05-06",136,3,51,2016-05-06
"photo","2016-05-06",247,11,58,2016-05-06
"photo","2016-05-06",83,2,12,2016-05-06
"photo","2016-05-06",161,3,66,2016-05-06
"photo","2016-05-06",130,6,29,2016-05-06
"photo","2016-05-06",118,5,28,2016-05-06
"photo","2016-05-06",95,0,17,2016-05-06
"photo","2016-05-06",163,11,44,2016-05-06
"photo","2016-05-06",121,4,34,2016-05-06
"photo","2016-05-06",87,3,12,2016-05-06
"photo","2016-05-06",185,16,73,2016-05-06
"photo","2016-05-06",177,5,61,2016-05-06
"photo","2016-05-06",118,3,37,2016-05-06
"photo","2016-05-06",117,7,28,2016-05-06
"photo","2016-05-06",94,1,13,2016-05-06
"photo","2016-05-06",103,5,12,2016-05-06
"photo","2016-05-06",162,4,48,2016-05-06
"photo","2016-05-06",163,6,36,2016-05-06
"photo","2016-05-06",103,1,17,2016-05-06
"photo","2016-05-06",105,4,18,2016-05-06
"photo","2016-05-06",154,4,51,2016-05-06
"photo","2016-05-06",107,3,13,2016-05-06
"photo","2016-05-06",118,0,16,2016-05-06
"photo","2016-05-06",120,2,16,2016-05-06
"photo","2016-05-06",122,6,21,2016-05-06
"photo","2016-05-06",129,2,39,2016-05-06
"photo","2016-05-06",144,3,23,2016-05-06
"photo","2016-05-06",175,12,46,2016-05-06
"photo","2016-05-06",161,7,42,2016-05-06
"photo","2016-05-06",137,4,32,2016-05-06
"photo","2016-05-06",134,11,25,2016-05-06
"photo","2016-05-06",209,11,54,2016-05-06
"photo","2016-05-06",155,6,37,2016-05-06
"photo","2016-05-06",209,13,70,2016-05-06
"photo","2016-05-06",161,8,26,2016-05-06
"photo","2016-05-06",830,43,117,2016-05-06
"photo","2016-05-06",2404,132,205,2016-05-06
"photo","2016-05-05",5120,415,412,2016-05-05
"link","2016-05-05",101,20,25,2016-05-05
"video","2016-05-05",1633,181,203,2016-05-05
"link","2016-05-05",107,19,28,2016-05-05
"photo","2016-05-05",616,750,90,2016-05-05
"link","2016-05-05",297,230,110,2016-05-05
"video","2016-05-05",1454,209,1,2016-05-05
"link","2016-05-05",2214,345,264,2016-05-05
"link","2016-05-05",2489,518,822,2016-05-05
"link","2016-05-04",629,212,31,2016-05-04
"video","2016-05-04",1502,319,0,2016-05-04
"video","2016-05-04",1304,225,0,2016-05-04
"video","2016-05-04",1373,241,1164,2016-05-04
"video","2016-05-04",537,73,1,2016-05-04
"video","2016-05-04",1086,157,1,2016-05-04
"video","2016-05-04",498,24,0,2016-05-04
"video","2016-05-04",422,301,0,2016-05-04
"link","2016-05-04",562,422,90,2016-05-04
"photo","2016-05-03",718,111,694,2016-05-03
"link","2016-05-03",195,140,44,2016-05-03
"link","2016-05-03",489,179,87,2016-05-03
"link","2016-05-03",583,144,0,2016-05-03
"link","2016-05-03",177,124,45,2016-05-03
"video","2016-05-02",896,112,0,2016-05-02
"link","2016-05-02",1230,283,268,2016-05-02
"video","2016-05-02",285,125,0,2016-05-02
"video","2016-05-01",779,253,759,2016-05-01
"video","2016-05-01",710,262,810,2016-05-01
"video","2016-05-01",1452,495,747,2016-05-01
"link","2016-05-01",362,77,68,2016-05-01
"video","2016-05-01",1286,374,1071,2016-05-01
"link","2016-05-01",99,36,11,2016-05-01
"video","2016-04-30",211,184,0,2016-04-30
"link","2016-04-30",409,108,53,2016-04-30
"link","2016-04-30",313,119,77,2016-04-30
"video","2016-04-29",1908,478,703,2016-04-29
"photo","2016-04-29",1068,134,549,2016-04-29
"link","2016-04-29",335,97,43,2016-04-29
"video","2016-04-28",449,84,60,2016-04-28
"link","2016-04-28",1392,954,337,2016-04-28
"photo","2016-04-28",79,10,0,2016-04-28
"photo","2016-04-28",662,238,100,2016-04-28
"link","2016-04-27",302,86,43,2016-04-27
"photo","2016-04-27",330,64,165,2016-04-27
"link","2016-04-27",956,209,347,2016-04-27
"link","2016-04-27",242,73,134,2016-04-27
"link","2016-04-26",437,151,88,2016-04-26
"link","2016-04-26",376,55,76,2016-04-26
"link","2016-04-25",1397,141,228,2016-04-25
"video","2016-04-25",261,47,39,2016-04-25
"photo","2016-04-25",543,253,361,2016-04-25
"link","2016-04-25",230,41,59,2016-04-25
"link","2016-04-24",627,94,26,2016-04-24
"link","2016-04-24",646,201,171,2016-04-24
"video","2016-04-23",744,283,632,2016-04-23
"link","2016-04-23",906,156,129,2016-04-23
"video","2016-04-22",400,131,183,2016-04-22
"video","2016-04-22",100,61,38,2016-04-22
"link","2016-04-22",706,183,81,2016-04-22
"video","2016-04-21",1062,1918,288,2016-04-21
"link","2016-04-21",115,93,23,2016-04-21
"link","2016-04-21",308,168,53,2016-04-21
"video","2016-04-21",503,45,0,2016-04-21
"link","2016-04-20",1205,295,248,2016-04-20
"video","2016-04-20",414,52,369,2016-04-20
"link","2016-04-20",702,147,134,2016-04-20
"link","2016-04-20",320,141,149,2016-04-20
"link","2016-04-20",232,6,122,2016-04-20
"link","2016-04-20",109,13,50,2016-04-20
"link","2016-04-20",107,27,61,2016-04-20
"link","2016-04-20",91,11,37,2016-04-20
"link","2016-04-20",104,9,71,2016-04-20
"link","2016-04-20",73,0,37,2016-04-20
"link","2016-04-20",67,8,41,2016-04-20
"video","2016-04-20",53,1,19,2016-04-20
"video","2016-04-20",74,10,53,2016-04-20
"video","2016-04-20",241,31,122,2016-04-20
"photo","2016-04-19",807,202,342,2016-04-19
"photo","2016-04-18",260,95,54,2016-04-18
"video","2016-04-18",365,97,64,2016-04-18
"link","2016-04-18",105,13,45,2016-04-18
"link","2016-04-18",848,318,129,2016-04-18
"link","2016-04-18",208,43,80,2016-04-18
"link","2016-04-17",627,257,79,2016-04-17
"link","2016-04-17",337,54,96,2016-04-17
"photo","2016-04-17",712,191,541,2016-04-17
"video","2016-04-17",1110,336,954,2016-04-17
"video","2016-04-16",1013,109,503,2016-04-16
"video","2016-04-15",435,106,137,2016-04-15
"link","2016-04-15",1272,234,269,2016-04-15
"video","2016-04-15",551,109,297,2016-04-15
"video","2016-04-14",1024,191,789,2016-04-14
"video","2016-04-14",1094,333,655,2016-04-14
"video","2016-04-14",1533,2280,485,2016-04-14
"link","2016-04-14",202,74,97,2016-04-14
"link","2016-04-14",252,87,160,2016-04-14
"link","2016-04-13",665,101,123,2016-04-13
"video","2016-04-13",1355,137,1,2016-04-13
"video","2016-04-13",1623,208,1608,2016-04-13
"link","2016-04-12",616,230,81,2016-04-12
"link","2016-04-12",334,130,224,2016-04-12
"photo","2016-04-12",599,225,220,2016-04-12
"link","2016-04-11",374,143,42,2016-04-11
"link","2016-04-11",168,260,23,2016-04-11
"video","2016-04-11",646,146,599,2016-04-11
"link","2016-04-10",95,259,11,2016-04-10
"video","2016-04-09",1495,445,986,2016-04-09
"video","2016-04-08",1165,359,885,2016-04-08
"photo","2016-04-08",769,414,360,2016-04-08
"video","2016-04-07",683,89,163,2016-04-07
"photo","2016-04-07",430,196,231,2016-04-07
"link","2016-04-06",1086,525,304,2016-04-06
"link","2016-04-06",518,78,24,2016-04-06
"link","2016-04-06",152,98,22,2016-04-06
"video","2016-04-06",537,94,202,2016-04-06
"photo","2016-04-05",439,205,168,2016-04-05
"video","2016-04-05",831,275,721,2016-04-05
"link","2016-04-05",448,122,60,2016-04-05
"video","2016-04-04",447,209,243,2016-04-04
"photo","2016-04-04",267,95,87,2016-04-04
"link","2016-04-04",345,124,109,2016-04-04
"video","2016-04-03",968,238,647,2016-04-03
"photo","2016-04-03",41,0,7,2016-04-03
"photo","2016-04-03",185,29,45,2016-04-03
"photo","2016-04-03",560,141,101,2016-04-03
"link","2016-04-03",308,165,76,2016-04-03
"photo","2016-04-02",523,280,230,2016-04-02
"link","2016-04-01",461,206,104,2016-04-01
"photo","2016-04-01",753,327,849,2016-04-01
"photo","2016-03-31",553,238,232,2016-03-31
"photo","2016-03-31",994,215,508,2016-03-31
"link","2016-03-31",468,712,210,2016-03-31
"photo","2016-03-30",168,74,38,2016-03-30
"link","2016-03-30",566,889,236,2016-03-30
"photo","2016-03-30",563,206,262,2016-03-30
"video","2016-03-30",873,373,632,2016-03-30
"video","2016-03-29",1000,340,0,2016-03-29
"photo","2016-03-29",979,331,347,2016-03-29
"link","2016-03-29",154,93,50,2016-03-29
"link","2016-03-29",207,45,33,2016-03-29
"photo","2016-03-29",298,95,90,2016-03-29
"photo","2016-03-28",798,239,517,2016-03-28
"link","2016-03-28",610,146,98,2016-03-28
"photo","2016-03-28",449,142,41,2016-03-28
"link","2016-03-27",1178,556,257,2016-03-27
"link","2016-03-25",607,324,88,2016-03-25
"link","2016-03-25",770,276,96,2016-03-25
"photo","2016-03-25",619,249,225,2016-03-25
"video","2016-03-24",2779,698,792,2016-03-24
"video","2016-03-24",1685,387,1389,2016-03-24
"photo","2016-03-24",1934,495,1275,2016-03-24
"link","2016-03-23",1816,621,416,2016-03-23
"video","2016-03-23",1003,475,1052,2016-03-23
"photo","2016-03-22",298,225,89,2016-03-22
"link","2016-03-22",437,298,160,2016-03-22
"photo","2016-03-22",1100,381,548,2016-03-22
"video","2016-03-21",379,158,0,2016-03-21
"link","2016-03-20",558,463,143,2016-03-20
"link","2016-03-19",324,223,94,2016-03-19
"video","2016-03-18",1055,422,590,2016-03-18
"link","2016-03-18",945,149,107,2016-03-18
"link","2016-03-18",284,154,144,2016-03-18
"link","2016-03-17",755,193,218,2016-03-17
"link","2016-03-17",131,87,15,2016-03-17
"photo","2016-03-17",355,222,301,2016-03-17
"photo","2016-03-17",853,256,950,2016-03-17
"link","2016-03-17",446,71,95,2016-03-17
"video","2016-03-17",639,106,406,2016-03-17
"link","2016-03-16",388,182,301,2016-03-16
"photo","2016-03-16",601,578,2496,2016-03-16
"photo","2016-03-16",220,64,143,2016-03-16
"link","2016-03-16",484,172,93,2016-03-16
"link","2016-03-16",433,92,64,2016-03-16
"photo","2016-03-15",288,96,167,2016-03-15
"link","2016-03-15",313,79,36,2016-03-15
"link","2016-03-14",325,148,99,2016-03-14
"photo","2016-03-14",201,47,24,2016-03-14
"video","2016-03-14",2027,3073,3583,2016-03-14
"video","2016-03-13",1116,571,815,2016-03-13
"photo","2016-03-13",760,118,187,2016-03-13
"photo","2016-03-13",633,221,261,2016-03-13
"video","2016-03-13",1126,370,591,2016-03-13
"link","2016-03-13",38,28,10,2016-03-13
"link","2016-03-12",956,552,150,2016-03-12
"photo","2016-03-12",35,4,1,2016-03-12
"video","2016-03-12",1201,497,1141,2016-03-12
"photo","2016-03-12",3514,689,883,2016-03-12
"photo","2016-03-12",4,0,0,2016-03-12
"link","2016-03-12",110,12,34,2016-03-12
"link","2016-03-12",597,220,71,2016-03-12
"video","2016-03-12",525,415,139,2016-03-12
"link","2016-03-11",272,279,33,2016-03-11
"video","2016-03-11",530,498,249,2016-03-11
"photo","2016-03-10",437,177,147,2016-03-10
"link","2016-03-10",310,253,47,2016-03-10
"video","2016-03-10",1389,583,1099,2016-03-10
"photo","2016-03-10",562,195,346,2016-03-10
"link","2016-03-09",494,1524,235,2016-03-09
"video","2016-03-08",704,268,0,2016-03-08
"link","2016-03-08",219,262,66,2016-03-08
"photo","2016-03-08",225,79,118,2016-03-08
"link","2016-03-05",397,523,72,2016-03-05
"link","2016-03-04",341,470,76,2016-03-04
"link","2016-03-04",383,204,133,2016-03-04
"photo","2016-03-04",499,158,284,2016-03-04
"link","2016-03-03",1012,425,476,2016-03-03
"link","2016-03-03",420,127,63,2016-03-03
"link","2016-03-03",505,217,90,2016-03-03
"link","2016-03-03",218,171,62,2016-03-03
"link","2016-03-02",743,906,300,2016-03-02
"link","2016-03-02",601,343,190,2016-03-02
"photo","2016-03-02",363,252,138,2016-03-02
"link","2016-03-01",817,158,161,2016-03-01
"photo","2016-03-01",606,184,271,2016-03-01
"photo","2016-02-28",1258,857,182,2016-02-28
"link","2016-02-27",2151,935,588,2016-02-27
"link","2016-02-26",510,203,89,2016-02-26
"link","2016-02-25",507,381,129,2016-02-25
"link","2016-02-25",374,76,35,2016-02-25
"link","2016-02-25",222,86,60,2016-02-25
"link","2016-02-25",464,95,69,2016-02-25
"video","2016-02-24",2006,981,4199,2016-02-24
"photo","2016-02-24",639,528,343,2016-02-24
"link","2016-02-24",1029,301,189,2016-02-24
"link","2016-02-23",103,182,40,2016-02-23
"video","2016-02-23",1011,322,452,2016-02-23
"photo","2016-02-23",1642,309,898,2016-02-23
"photo","2016-02-23",999,233,298,2016-02-23
"photo","2016-02-23",396,306,422,2016-02-23
"link","2016-02-22",180,244,78,2016-02-22
"link","2016-02-22",1043,570,232,2016-02-22
"link","2016-02-18",512,1027,70,2016-02-18
"photo","2016-02-17",1686,1241,535,2016-02-17
"photo","2016-02-17",379,266,121,2016-02-17
"link","2016-02-17",1467,626,358,2016-02-17
"link","2016-02-16",84,271,46,2016-02-16
"link","2016-02-14",375,360,92,2016-02-14
"video","2016-02-13",638,384,639,2016-02-13
"link","2016-02-12",433,345,81,2016-02-12
"link","2016-02-12",1058,544,339,2016-02-12
"link","2016-02-11",198,191,21,2016-02-11
"link","2016-02-11",248,127,96,2016-02-11
"link","2016-02-10",492,333,140,2016-02-10
"photo","2016-02-10",468,167,223,2016-02-10
"link","2016-02-09",1021,657,533,2016-02-09
"photo","2016-02-09",1121,312,414,2016-02-09
"video","2016-02-08",228,173,0,2016-02-08
"link","2016-02-07",803,172,167,2016-02-07
"link","2016-02-05",602,296,164,2016-02-05
"link","2016-02-05",33,223,14,2016-02-05
"link","2016-02-04",437,281,116,2016-02-04
"link","2016-02-04",234,149,23,2016-02-04
"photo","2016-02-04",297,146,217,2016-02-04
"photo","2016-02-03",591,256,386,2016-02-03
"video","2016-02-03",899,494,1377,2016-02-03
"photo","2016-02-03",389,170,141,2016-02-03
"video","2016-02-03",1761,309,0,2016-02-03
"link","2016-02-02",662,462,257,2016-02-02
"photo","2016-02-02",638,183,208,2016-02-02
"photo","2016-02-02",586,383,256,2016-02-02
"video","2016-02-01",1403,198,0,2016-02-01
"video","2016-02-01",658,287,0,2016-02-01
"link","2016-01-31",831,487,259,2016-01-31
"link","2016-01-31",252,101,81,2016-01-31
"link","2016-01-30",787,180,169,2016-01-30
"video","2016-01-29",567,444,261,2016-01-29
"link","2016-01-29",472,247,79,2016-01-29
"link","2016-01-29",227,223,77,2016-01-29
"link","2016-01-28",271,491,35,2016-01-28
"link","2016-01-28",797,532,289,2016-01-28
"photo","2016-01-28",330,346,109,2016-01-28
"photo","2016-01-27",1228,413,715,2016-01-27
"photo","2016-01-27",300,180,133,2016-01-27
"link","2016-01-26",1092,461,230,2016-01-26
"photo","2016-01-25",379,446,225,2016-01-25
"link","2016-01-24",644,1338,153,2016-01-24
"link","2016-01-24",887,194,162,2016-01-24
"link","2016-01-23",365,513,75,2016-01-23
"link","2016-01-22",589,335,124,2016-01-22
"link","2016-01-21",444,454,69,2016-01-21
"photo","2016-01-21",303,234,97,2016-01-21
"link","2016-01-21",700,260,124,2016-01-21
"video","2016-01-20",979,618,0,2016-01-20
"link","2016-01-20",154,114,33,2016-01-20
"photo","2016-01-20",517,232,346,2016-01-20
"link","2016-01-18",451,399,67,2016-01-18
"link","2016-01-18",271,290,170,2016-01-18
"link","2016-01-17",751,420,105,2016-01-17
"link","2016-01-15",435,601,113,2016-01-15
"link","2016-01-15",428,416,103,2016-01-15
"link","2016-01-14",874,622,360,2016-01-14
"link","2016-01-14",437,409,64,2016-01-14
"photo","2016-01-14",314,145,209,2016-01-14
"link","2016-01-13",1406,322,258,2016-01-13
"video","2016-01-13",807,298,0,2016-01-13
"link","2016-01-13",258,277,48,2016-01-13
"link","2016-01-12",646,403,103,2016-01-12
"photo","2016-01-12",709,331,0,2016-01-12
"link","2016-01-12",238,303,130,2016-01-12
"photo","2016-01-11",876,524,378,2016-01-11
"link","2016-01-11",722,408,110,2016-01-11
"photo","2016-01-11",309,271,69,2016-01-11
"photo","2016-01-11",442,182,94,2016-01-11
"link","2016-01-10",320,390,63,2016-01-10
"link","2016-01-09",2262,348,258,2016-01-09
"link","2016-01-09",607,595,72,2016-01-09
"link","2016-01-08",1160,478,187,2016-01-08
"link","2016-01-08",303,252,37,2016-01-08
"link","2016-01-07",2169,513,421,2016-01-07
"link","2016-01-07",408,386,44,2016-01-07
"video","2016-01-07",2724,519,0,2016-01-07
"link","2016-01-07",299,268,86,2016-01-07
"link","2016-01-06",691,636,103,2016-01-06
"link","2016-01-05",679,603,110,2016-01-05
"photo","2016-01-05",572,200,0,2016-01-05
"photo","2016-01-05",893,278,625,2016-01-05
"link","2016-01-03",1646,800,258,2016-01-03
"photo","2016-01-02",572,280,0,2016-01-02
"link","2016-01-02",727,847,122,2016-01-02
"link","2015-12-29",750,1096,0,2015-12-29
"video","2015-12-24",941,904,0,2015-12-24
"link","2015-12-22",893,458,0,2015-12-22
"link","2015-12-18",378,1191,50,2015-12-18
"photo","2015-12-16",465,1181,257,2015-12-16
"link","2015-12-16",752,552,220,2015-12-16
"photo","2015-12-16",1216,502,426,2015-12-16
"photo","2015-12-16",1003,683,278,2015-12-16
"photo","2015-12-16",385,156,0,2015-12-16
"photo","2015-12-15",2538,409,935,2015-12-15
"link","2015-12-15",604,295,93,2015-12-15
"photo","2015-12-14",828,355,226,2015-12-14
"link","2015-12-13",607,1136,248,2015-12-13
"video","2015-12-13",2187,354,0,2015-12-13
"link","2015-12-11",504,589,59,2015-12-11
"photo","2015-12-10",1387,556,370,2015-12-10
"photo","2015-12-09",676,739,163,2015-12-09
"photo","2015-12-09",1954,514,0,2015-12-09
"photo","2015-12-09",154,77,50,2015-12-09
"photo","2015-12-08",511,527,0,2015-12-08
"link","2015-12-07",224,656,39,2015-12-07
"link","2015-12-07",976,431,237,2015-12-07
"link","2015-12-06",1426,674,266,2015-12-06
"link","2015-12-04",268,506,48,2015-12-04
"photo","2015-12-04",1431,287,360,2015-12-04
"link","2015-12-03",817,298,205,2015-12-03
"photo","2015-12-02",7611,2452,5133,2015-12-02
"link","2015-12-02",1702,523,229,2015-12-02
"photo","2015-12-02",5407,874,1059,2015-12-02
"photo","2015-12-02",922,249,200,2015-12-02
"photo","2015-12-01",1003,388,265,2015-12-01
"photo","2015-11-29",1132,773,0,2015-11-29
"link","2015-11-29",816,320,232,2015-11-29
"link","2015-11-27",306,206,46,2015-11-27
"video","2015-11-27",606,180,154,2015-11-27
"photo","2015-11-26",1253,735,365,2015-11-26
"link","2015-11-26",671,170,103,2015-11-26
"photo","2015-11-25",929,343,221,2015-11-25
"video","2015-11-25",322,172,92,2015-11-25
"photo","2015-11-25",983,537,206,2015-11-25
"link","2015-11-24",923,894,425,2015-11-24
"link","2015-11-23",385,530,81,2015-11-23
"link","2015-11-20",348,357,46,2015-11-20
"video","2015-11-20",1642,542,438,2015-11-20
"link","2015-11-19",1771,768,258,2015-11-19
"link","2015-11-18",923,409,91,2015-11-18
"link","2015-11-18",3526,1444,550,2015-11-18
"photo","2015-11-18",1042,437,352,2015-11-18
"photo","2015-11-18",1534,494,644,2015-11-18
"link","2015-11-15",927,700,132,2015-11-15
"photo","2015-11-13",1250,582,282,2015-11-13
"photo","2015-11-12",1130,226,143,2015-11-12
"link","2015-11-10",1861,698,263,2015-11-10
"link","2015-11-10",508,463,254,2015-11-10
"link","2015-11-09",565,457,131,2015-11-09
"link","2015-11-05",535,574,98,2015-11-05
"video","2015-11-05",504,133,347,2015-11-05
"link","2015-11-04",1157,403,351,2015-11-04
"video","2015-11-04",866,194,328,2015-11-04
"photo","2015-11-03",1945,473,430,2015-11-03
"photo","2015-11-03",65,21,0,2015-11-03
"photo","2015-11-03",72,39,0,2015-11-03
"photo","2015-11-02",793,286,106,2015-11-02
"link","2015-10-30",719,569,135,2015-10-30
"video","2015-10-30",830,189,977,2015-10-30
"link","2015-10-28",857,372,95,2015-10-28
"photo","2015-10-27",1812,320,383,2015-10-27
"photo","2015-10-27",2415,238,499,2015-10-27
"link","2015-10-25",518,239,94,2015-10-25
"link","2015-10-23",811,294,142,2015-10-23
"video","2015-10-23",1170,494,996,2015-10-23
"link","2015-10-22",406,791,581,2015-10-22
"video","2015-10-22",668,219,0,2015-10-22
"video","2015-10-22",784,315,368,2015-10-22
"video","2015-10-22",1167,217,680,2015-10-22
"link","2015-10-20",926,897,241,2015-10-20
"video","2015-10-19",554,253,81,2015-10-19
"link","2015-10-18",1152,430,99,2015-10-18
"photo","2015-10-18",1459,248,65,2015-10-18
"photo","2015-10-17",698,138,0,2015-10-17
"photo","2015-10-17",698,125,169,2015-10-17
"photo","2015-10-17",1845,205,157,2015-10-17
"photo","2015-10-17",1051,162,246,2015-10-17
"video","2015-10-16",732,133,220,2015-10-16
"video","2015-10-16",362,149,378,2015-10-16
"photo","2015-10-16",1540,173,207,2015-10-16
"video","2015-10-16",6084,695,7358,2015-10-16
"video","2015-10-16",390,10,41,2015-10-16
"photo","2015-10-16",763,91,126,2015-10-16
"photo","2015-10-15",2412,628,527,2015-10-15
"video","2015-10-15",1244,302,1228,2015-10-15
"photo","2015-10-15",1872,457,473,2015-10-15
"video","2015-10-15",1753,380,1001,2015-10-15
"photo","2015-10-15",1752,428,391,2015-10-15
"photo","2015-10-15",1041,122,171,2015-10-15
"photo","2015-10-14",168,184,0,2015-10-14
"photo","2015-10-14",274,119,0,2015-10-14
"video","2015-10-09",214,311,26,2015-10-09
"photo","2015-10-08",958,644,901,2015-10-08
"photo","2015-10-06",728,447,321,2015-10-06
"link","2015-10-02",2301,782,3,2015-10-02
"photo","2015-10-01",1240,291,1413,2015-10-01
"photo","2015-09-30",125,363,0,2015-09-30
"photo","2015-09-25",489,896,133,2015-09-25
"video","2015-09-23",886,575,183,2015-09-23
"photo","2015-09-23",2652,781,645,2015-09-23
"video","2015-09-21",1532,501,2,2015-09-21
"link","2015-09-20",1883,675,217,2015-09-20
"video","2015-09-18",1034,581,406,2015-09-18
"video","2015-09-18",3180,670,705,2015-09-18
"photo","2015-09-18",1926,859,237,2015-09-18
"link","2015-09-15",723,1296,85,2015-09-15
"link","2015-09-13",4302,1059,497,2015-09-13
"video","2015-09-12",1711,516,0,2015-09-12
"video","2015-09-08",1138,1024,1,2015-09-08
"photo","2015-09-08",287,397,0,2015-09-08
"link","2015-09-08",702,846,55,2015-09-08
"photo","2015-09-08",373,317,0,2015-09-08
"link","2015-09-08",1002,784,84,2015-09-08
"video","2015-09-04",5405,2784,2689,2015-09-04
"link","2015-09-03",1065,322,539,2015-09-03
"video","2015-09-03",3976,823,1989,2015-09-03
"video","2015-09-03",6751,1361,5108,2015-09-03
"photo","2015-09-02",15898,3342,5161,2015-09-02
"link","2015-09-02",3712,703,590,2015-09-02
"video","2015-09-02",1292,292,1,2015-09-02
"photo","2015-09-01",2146,703,262,2015-09-01
"link","2015-08-31",2979,902,2670,2015-08-31
"video","2015-08-25",839,453,0,2015-08-25
"video","2015-08-24",386,441,52,2015-08-24
"link","2015-08-23",627,641,171,2015-08-23
"video","2015-08-18",1287,498,143,2015-08-18
"link","2015-08-18",334,60,66,2015-08-18
"photo","2015-08-18",2873,658,391,2015-08-18
"link","2015-08-14",4035,363,375,2015-08-14
"video","2015-08-12",688,129,0,2015-08-12
"link","2015-08-12",1737,464,328,2015-08-12
"video","2015-08-10",1873,329,0,2015-08-10
"link","2015-08-06",1621,589,241,2015-08-06
"link","2015-08-04",650,346,293,2015-08-04
"link","2015-08-02",4325,459,745,2015-08-02
"link","2015-08-02",1597,909,672,2015-08-02
"link","2015-08-01",1142,206,93,2015-08-01
"link","2015-07-30",334,302,0,2015-07-30
"photo","2015-07-28",1548,644,0,2015-07-28
"link","2015-07-27",2110,724,215,2015-07-27
"link","2015-07-24",1329,1017,219,2015-07-24
"link","2015-07-21",3096,682,552,2015-07-21
"link","2015-07-19",6567,801,691,2015-07-19
"link","2015-07-18",2335,493,229,2015-07-18
"link","2015-07-17",15183,1939,6735,2015-07-17
"link","2015-07-17",1844,524,194,2015-07-17
"link","2015-07-15",1109,535,158,2015-07-15
"link","2015-07-15",7499,705,746,2015-07-15
"video","2015-07-14",13020,2229,13200,2015-07-14
"video","2015-07-14",6828,847,2,2015-07-14
"link","2015-07-14",1944,615,394,2015-07-14
"link","2015-07-13",1488,861,276,2015-07-13
"link","2015-07-10",751,454,49,2015-07-10
"video","2015-07-08",3711,706,0,2015-07-08
"link","2015-07-08",1546,725,329,2015-07-08
"video","2015-07-07",481,149,71,2015-07-07
"link","2015-07-07",1231,654,381,2015-07-07
"link","2015-07-06",1436,496,560,2015-07-06
"photo","2015-07-06",567,346,0,2015-07-06
"link","2015-07-02",2518,1089,1101,2015-07-02
"photo","2015-07-01",3780,465,489,2015-07-01
"link","2015-07-01",1751,760,0,2015-07-01
"link","2015-06-30",1462,704,346,2015-06-30
"link","2015-06-25",15913,1209,921,2015-06-25
"link","2015-06-25",1393,544,169,2015-06-25
"video","2015-06-24",687,371,0,2015-06-24
"photo","2015-06-23",1066,409,0,2015-06-23
"link","2015-06-21",2996,593,278,2015-06-21
"link","2015-06-19",1444,761,465,2015-06-19
"photo","2015-06-18",5833,631,1997,2015-06-18
"photo","2015-06-17",691,177,118,2015-06-17
"video","2015-06-17",1087,239,0,2015-06-17
"link","2015-06-16",1280,1244,650,2015-06-16
"photo","2015-06-13",1502,583,0,2015-06-13
"photo","2015-06-10",2167,580,0,2015-06-10
"link","2015-06-09",1128,510,135,2015-06-09
"link","2015-06-09",3101,422,366,2015-06-09
"video","2015-06-03",964,802,0,2015-06-03
"photo","2015-06-03",3217,366,658,2015-06-03
"video","2015-06-02",1351,496,0,2015-06-02
"link","2015-06-02",1139,317,71,2015-06-02
"photo","2015-06-02",4531,607,820,2015-06-02
"link","2015-06-02",1737,130,67,2015-06-02
"link","2015-06-01",1553,698,363,2015-06-01
